{
    "variants": {
        "type=single,facing=north": { "model": "entity/chest/trapped", "y": 180 },
        "type=single,facing=east": { "model": "entity/chest/trapped", "y": 270 },
        "type=single,facing=south": { "model": "entity/chest/trapped" },
        "type=single,facing=west": { "model": "entity/chest/trapped", "y":90 },
        "type=right,facing=north": { "model": "entity/chest/trapped_double", "y": 180 },
        "type=right,facing=east": { "model": "entity/chest/trapped_double", "y": 270 },
        "type=right,facing=south": { "model": "entity/chest/trapped_double" },
        "type=right,facing=west": { "model": "entity/chest/trapped_double", "y":90 },
        "type=left": { "model": "entity/chest/left" }
    }
}